  {"Name": "Pot ( 2 Gal/7.6 L) - Extract", "TUNVolume": 256.0000000, "TUNWeight": 40.0000000, "TUNSpecificHeat": 0.1200000,"TUNDeadSpace": 0.0000000,"CalcBoilTime": 1,"BoilSize": 217.6000000,"BoilTime": 60.0000000,"EvapRate": 9.0000000,"BoilOff": 17.9200000,"TrubChillerLoss": 32.0000000,"CoolingPercentage": 4.0000000,"TopUpKettle": 0.0000000,"BatchSize": 640.0000000,"FermenterLoss": 51.2000000,"TopUpWater": 480.0000000,"Efficiency": 72.0000000,"HopUtilization": 100.0000000,"Notes": "Simple brew pot with 2 gallon capacity for extract brewing.  May also be used for partial mash with temperature or infusion mashing."}
  {"Name": "Pot ( 3 Gal/11.4 L) - Extract", "TUNVolume": 384.0000000, "TUNWeight": 48.0000000, "TUNSpecificHeat": 0.1200000, "TUNDeadSpace": 0.0000000, "CalcBoilTime": 1, "BoilSize": 360.9600000, "BoilTime": 60.0000000, "EvapRate": 9.0000000, "BoilOff": 28.1600000, "TrubChillerLoss": 64.0000000, "CoolingPercentage": 4.0000000, "TopUpKettle": 0.0000000, "BatchSize": 640.0000000, "FermenterLoss": 51.2000000, "TopUpWater": 384.0000000, "Efficiency": 72.0000000, "HopUtilization": 100.0000000, "Notes": "Simple Brew Pot with a 3 Gallon Capacity - leaving a workable boil volume of around 2.5 gal.  Used for extract or partial mash brewing."}
  {"Name": "Pot ( 4 Gal/15.1 L) - Extract", "TUNVolume": 512.0000000, "TUNWeight": 64.0000000, "TUNSpecificHeat": 0.1200000, "TUNDeadSpace": 0.0000000, "CalcBoilTime": 1, "BoilSize": 469.7600000, "BoilTime": 60.0000000, "EvapRate": 9.0000000, "BoilOff": 37.1200000, "TrubChillerLoss": 64.0000000, "CoolingPercentage": 4.0000000, "TopUpKettle": 0.0000000, "BatchSize": 640.0000000, "FermenterLoss": 51.2000000, "TopUpWater": 288.0000000, "Efficiency": 72.0000000, "HopUtilization": 100.0000000, "Notes": "Simple Brew Pot with a 4 Gallon Capacity - leaving a workable boil volume of around 3.25 gal.  Used for extract or partial mash brewing."}
  {"Name": "Pot and Cooler ( 5 Gal/19 L) - All Grain", "TUNVolume": 640.0000000, "TUNWeight": 64.0000000, "TUNSpecificHeat": 0.3000000, "TUNDeadSpace": 32.0000000, "CalcBoilTime": 1, "BoilSize": 834.5600000, "BoilTime": 60.0000000, "EvapRate": 9.0000000, "BoilOff": 69.1200000, "TrubChillerLoss": 96.0000000, "CoolingPercentage": 4.0000000, "TopUpKettle": 0.0000000, "BatchSize": 640.0000000, "FermenterLoss": 51.2000000, "TopUpWater": 0.0000000, "Efficiency": 72.0000000, "HopUtilization": 100.0000000, "Notes": "Popular all grain setup.  5 Gallon cooler as mash tun with false bottom, and 7-9 gallon brewpot capable of boiling at least 6 gallons of wort without spilling over.  Primarily used for single infusion mashes."}
  {"Name": "Pot and Cooler ( 5 Gal/19 L) - Extract/Partial Mash", "TUNVolume": 640.0000000, "TUNWeight": 80.0000000, "TUNSpecificHeat": 0.1200000, "TUNDeadSpace": 32.0000000, "CalcBoilTime": 1, "BoilSize": 546.5600000, "BoilTime": 60.0000000, "EvapRate": 9.0000000, "BoilOff": 47.3600000, "TrubChillerLoss": 96.0000000, "CoolingPercentage": 4.0000000, "TopUpKettle": 0.0000000, "BatchSize": 640.0000000, "FermenterLoss": 51.2000000, "TopUpWater": 256.0000000, "Efficiency": 72.0000000, "HopUtilization": 100.0000000, "Notes": "Simple Brew Pot with a 5 Gallon Capacity - leaving a workable boil volume of around 4.5 gal.   Used for extract or partial mash brewing.  Note top-up water is still required as we can&#39;t reach a full volume boil in this setup."}
  {"Name": "Pot (18.5 Gal/70 L) and Cooler (9.5 Gal/40 L)  - All Grain", "TUNVolume": 1280.0000000, "TUNWeight": 144.0000000, "TUNSpecificHeat": 0.3000000, "TUNDeadSpace": 102.4000000, "CalcBoilTime": 1, "BoilSize": 1253.1200000, "BoilTime": 90.0000000, "EvapRate": 9.0000000, "BoilOff": 229.5466667, "TrubChillerLoss": 96.0000000, "CoolingPercentage": 4.0000000, "TopUpKettle": 0.0000000, "BatchSize": 778.2400000, "FermenterLoss": 57.6000000, "TopUpWater": 0.0000000, "Efficiency": 68.0000000, "HopUtilization": 100.0000000, "Notes": "Based on a 18.5 Gal/70 L pot with a diameter of 18 inches/45 cm and a 9.5 Gal/40 L cooler. The above assumes loose pellet hops and only clear, chilled wort transferred from the kettle using no trub management techniques. Experienced brewers should adjust &#39;Loss to Trub and Chiller&#39; and &#39;Brewhouse Efficiency&#39; accordingly to suit their trub management techniques."}
  {"Name": "Electric Urn (10 Gal/40 L) - BIAB", "TUNVolume": 1352.9600000, "TUNWeight": 158.7200000, "TUNSpecificHeat": 0.1200000, "TUNDeadSpace": 0.0000000, "CalcBoilTime": 1, "BoilSize": 1025.2800000, "BoilTime": 90.0000000, "EvapRate": 10.0000000, "BoilOff": 163.8400000, "TrubChillerLoss": 107.5200000, "CoolingPercentage": 4.0000000, "TopUpKettle": 0.0000000, "BatchSize": 642.5600000, "FermenterLoss": 47.3600000, "TopUpWater": 0.0000000, "Efficiency": 70.0000000, "HopUtilization": 100.0000000, "Notes": "Sample Brew-In-A-Bag equipment profile set up for a 40 litre electric urn (diameter of 38cm or 15 inches) using a polyester grain bag to hold the grain.  This profile should be used with the BIAB mash profiles available in the BeerSmith mash profiles area. The above assumes loose pellet hops and only clear, chilled wort transferred from the kettle using no trub management techniques. Experienced brewers should adjust &#39;Loss to Trub and Chiller&#39; and &#39;Brewhouse Efficiency&#39; accordingly to suit their trub management techniques."}
  {"Name": "Pot (13 Gal/50 L) - BIAB", "TUNVolume": 1690.8800000, "TUNWeight": 246.8800000, "TUNSpecificHeat": 0.1200000, "TUNDeadSpace": 0.0000000, "CalcBoilTime": 1, "BoilSize": 1217.2800000, "BoilTime": 90.0000000, "EvapRate": 10.0000000, "BoilOff": 181.7600000, "TrubChillerLoss": 129.2800000, "CoolingPercentage": 4.0000000, "TopUpKettle": 0.0000000, "BatchSize": 778.2400000, "FermenterLoss": 57.6000000, "TopUpWater": 0.0000000, "Efficiency": 70.0000000, "HopUtilization": 100.0000000, "Notes": "Sample Brew-In-A-Bag equipment profile set up for a 50 litre brew pot (diameter of 40cm or 16 inches) using a polyester grain bag to hold the grain.  This profile should be used with the BIAB mash profiles available in the BeerSmith mash profiles area.  The above assumes loose pellet hops and only clear, chilled wort transferred from the kettle using no trub management techniques. Experienced brewers should adjust &#39;Loss to Trub and Chiller&#39; and &#39;Brewhouse Efficiency&#39; accordingly to suit their trub management techniques."}
  {"Name": "Pot (18.5 Gal/70 L) - BIAB", "TUNVolume": 2366.7200000, "TUNWeight": 388.0000000, "TUNSpecificHeat": 0.1200000, "TUNDeadSpace": 0.0000000, "CalcBoilTime": 1, "BoilSize": 1904.6400000, "BoilTime": 90.0000000, "EvapRate": 10.0000000, "BoilOff": 230.4000000, "TrubChillerLoss": 213.7600000, "CoolingPercentage": 4.0000000, "TopUpKettle": 0.0000000, "BatchSize": 1285.1200000, "FermenterLoss": 94.7200000, "TopUpWater": 0.0000000, "Efficiency": 70.0000000, "HopUtilization": 100.0000000, "Notes": "Sample Brew-in-a-bag equipment profile set up for a 70 liter brewing pot  (diameter of 45cm or 18 inches) and using a polyester grain bag to hold the grain.  This profile should be used with the BIAB mash profiles available in the BeerSmith mash profiles area. The above assumes loose pellet hops and only clear, chilled wort transferred from the kettle using no trub management techniques. Experienced brewers should adjust &#39;Loss to Trub and Chiller&#39; and &#39;Brewhouse Efficiency&#39; accordingly to suit their trub management techniques. Careful when mashing in as this profile approaches the pot limits."}
  {"Name": "Pot ( 5 Gal/19 L) - Mini-BIAB", "TUNVolume": 642.5600000, "TUNWeight": 35.2000000, "TUNSpecificHeat": 0.1200000, "TUNDeadSpace": 0.0000000, "CalcBoilTime": 1, "BoilSize": 550.4000000, "BoilTime": 60.0000000, "EvapRate": 10.0000000, "BoilOff": 96.0000000, "TrubChillerLoss": 65.2800000, "CoolingPercentage": 4.0000000, "TopUpKettle": 0.0000000, "BatchSize": 372.4800000, "FermenterLoss": 28.1600000, "TopUpWater": 0.0000000,